nom,rs_icon,url,texte,Latitude,Longitude,territoire,date
Dublin,signal,https://signal.group/#CjQKIIXjkp-3Vsxtf7_F_rPX6UfnGxVlZDbFpplIyIaCAXOsEhBjdE3kVMmkFKMQC3sdoJId,,53.333,-5.9,,
Vienne,telegram,https://t.me/+98mIfq9YJ5c0NWI0,36322,48.2202035,16.2970718,,
Dublin,telegram,https://t.me/+7cSgq4Jxdd03MGRk,,53.496,-5.817,,
Belgique,telegram,https://t.me/+vXyhM9YVjzMyOTJk,,50.890163106,4.337998648,,
ÎLE-DE-FRANCE,signal,https://signal.group/#CjQKIN88p8tNfZVKybCRXwCaekvNj-jUWwZ-uSnp2u0dZLYQEhBrnlShT9mC5RJ1GjjW0vrt,,48.85751049761375,2.3514497922516293,,
ÎLE-DE-FRANCE,telegram,https://t.me/+vCk5fVFqa3s0ZDlk,,48.8581118,2,,
Périgord Limousin,site,https://limousin.onbloquetout.fr,,45.4789,0.48,,
ÎLE-DE-FRANCE,telegram,https://t.me/+vCk5fVFqa3s0ZDlk,,48.8502784,2.2881959,,
OCCITANIE,telegram,https://t.me/collectifsunis31,,43.057,3.417,,
PROVENCE-ALPES-CÔTE D&#8217;AZUR,telegram,https://t.me/+6nGU1MKqF1E1MTI0,,43.948486,4.887618,,
PAYS DE LA LOIRE,telegram,https://t.me/+UlH4Zr3yf5FjMmRk,,47.6594864,-0.8186143,,
GRAND EST,telegram,https://t.me/+DwayRkLGjxBhYjc0,,48.4845157,6.113035,,
CORSICA,telegram,https://t.me/+6nGU1MKqF1E1MTI0,,42.188098,9.0683139,,
BRETAGNE,telegram,https://t.me/+2zyykrgSNYI4YmQ0,,48.1964432,-2.9367658,,
NOUVELLE-AQUITAINE,telegram,https://t.me/+fFVATyvoOWowZjA0,,45.953,-1.653,,
HAUTS-DE-FRANCE,telegram,https://t.me/+07fmAOi30jA1ODhk,,50.1024606,2.7247515,,
NORMANDIE,telegram,https://t.me/+NY521X2MIxxhNzQ0,,49.0677708,0.3138532,,
CENTRE-VAL DE LOIRE,telegram,https://t.me/+jR9bqrSbZVdkM2E8,,47.5490251,1.7324062,,
ÎLE-DE-FRANCE,telegram,https://t.me/retlIDF,,48.89346,2.41971,,
BOURGOGNE-FRANCHE-COMTE,telegram,https://t.me/+VMgGJ5vZ9kFhMDRk,,47.118711,4.9691044,,
AUVERGNE-RHÔNE-ALPES,telegram,https://t.me/+2ydXihH_ft43OWI8,,45.5838,3.9104,,
55 - Meuse,telegram,https://t.me/+DwayRkLGjxBhYjc0,,48.8114,5.4005,,
04 - Alpes-de-Haute-Provence,telegram,https://t.me/AlpesHauteProvenceInsurgees04,,44.092329,6.241897,,
34 - Hérault,telegram,https://t.me/collectifsunis31,,43.4885,3.2332,,
23 - Creuse,site,https://www.10s25-creuse.fr/,,46.164562,1.863792,,
88 - Vosges,telegram,https://t.me/+KsMKfMWAJpxhZjFk,,48.0597,6.1386,,
09 - Ariège,telegram,https://t.me/collectifsunis31,,42.964127,1.605232,,
81 - Tarn,telegram,https://t.me/collectifsunis31,,43.7068897,1.9532688,,
68 - Haut-Rhin,telegram,https://t.me/+dAf_whfVF2s1MGRk,,48.0801,7.3365,,
57 - Moselle,facebookp,https://www.facebook.com/profile.php?id=61579606352003,,49.123,6.496,,
82 - Tarn-et-Garonne,telegram,https://t.me/collectifsunis31,,44.015919,1.344603,,
66 - Pyrénées-Orientales,telegram,https://t.me/collectifsunis31,,42.6874874,2.9006474,,
31 - Haute-Garonne,telegram,https://t.me/collectifsunis31,,43.608878,1.580812,,
46 - Lot,telegram,https://t.me/collectifsunis31,,44.2944237,0.6129367,,
52 - Haute-Marne,telegram,https://t.me/IndignonsNousHM,,48.1110619,5.1396068,,
83 - Var,telegram,https://t.me/BloquonsToutVar,,43.2269198,5.9374019,,
63 - Puy-de-Dôme,telegram,https://t.me/bloquonstout63,,45.6867,3.04,,
06 - Alpes-Maritimes,telegram,https://t.me/+nj6dUP9wkuthZjU0,,43.651288,7.031835,,
30 - Gard,telegram,https://t.me/collectifsunis31, 4,44,47776,,
37 - Indre-et-Loire,telegram,https://t.me/+jR9bqrSbZVdkM2E8,296602,46.811222,0.8753244,,
36 - Indre,telegram,https://t.me/+jR9bqrSbZVdkM2E8,296602,46.811222,0.8753244,,
29 - Eure-et-Loir,telegram,https://t.me/+jR9bqrSbZVdkM2E8,,48.431,1.686,,
18 - Cher,telegram,https://t.me/+jR9bqrSbZVdkM2E8,147711,47.0247868,2.0964022,,
04 - Alpes-de-Haute-Provence,telegram,https://t.me/+AXnrNgAjeas3Njdk,,44.0943,6.24824,,
78 - Yvelines,telegram,https://t.me/+q52fTby8owBmNTA0,,48.816199,1.90619,,
60 - Oise,telegram,https://t.me/+EIr-ak1256wzZWFk,141874,49.4117237,2.097008,,
95 - Val-d&#8217;Oise,signal,https://signal.group/#CjQKICU9VxuYI2wlx4_FAkNHfjNQ98ObGbcChxlEkuP32t5uEhAe-YnImNIkiP9h_vmWijhS,71423,49.0749383,1.9367303,,
26 - Drôme,signal,https://signal.group/#CjQKIAJn_eLVhE06JkDl2cj1vKML39Ik4S6InOMYQ1w4r4cZEhC_2sAmqGNFQkJMey7G3aVr,,44.9234149,4.8957427,,
56 - Morbihan,telegram,https://t.me/+2zyykrgSNYI4YmQ0,,47.7439325,-3.2154235,,
22 - Côtes d&#8217;Armor,telegram,https://t.me/indignonsnous22,144591,48.4650949,-3.4117902,,
29 - Finistère,telegram,https://t.me/+U8b1aHTa_wdjN2I0,,48.3205785,-3.9123203,,
Périgord Limousin,signal,https://signal.group/#CjQKIFYvfaowBQvDSse44uFXLAYN_wVaIXatHpa4zVgJbZcUEhCnsKjxuA7kO-i3R1xN0aWH,,45.5852583,0.9997565,,
90 - Territoire de Belfort,facebookg,https://www.facebook.com/groups/746638358272365/,,47.6401842,6.914931,,
72 - Sarthe,telegram,https://t.me/+hh9tPqdATphiZjE8,,48.007383,0.196778,,
44 - Loire-Atlantique,telegram,https://t.me/+UlH4Zr3yf5FjMmRk,,47.218644,-1.554139,,
86 - Vienne,telegram,https://t.me/+-Qz5dhr_0cYxODNk,,46.5886523,0.4470267,,
85 - Vendée,telegram,https://t.me/+_plGCEAGAnZlYmQ8,149618,46.6753632,-1.7997093,,
53 - Mayenne,telegram,https://t.me/+a8Tv2s6foOxhNzE0,9065,48.3066306,-0.6346414,,
49 - Maine-et-Loire,telegram,https://t.me/+sH1EnfLBhMY4M2M0,147631,47.3889647,-0.890123,,
12 - Aveyron,telegram,https://t.me/+q3dsx7KFvWI4Yjk0,,44.315858,2.50657,,
87 - Haute-Vienne,telegram,https://t.me/+rFlmNBHXkDg5MjRk,,45.835424,1.264482,,
33 - Gironde,telegram,https://t.me/+qk_X__IUUQphNzY8,,44.841226,-0.580044,,
24 - Dordogne,telegram,https://t.me/+S5lNMsTJ43JhNWE0,,45.13452,0.720807,,
23 - Creuse,telegram,https://t.me/+K8iTCXsU-cM0ZWZk,,46.0589801,1.6616374,,
Mulhouse Colmar Cernay et Altkirch ,telegram,https://t.me/+dAf_whfVF2s1MGRk,,47.910431,7.282164,,
67 - Bas-Rhin,telegram,https://t.me/+hD3FxDOng1NhYjdk,,48.586,7.756,,
75 - Paris,telegram,https://t.me/+vCk5fVFqa3s0ZDlk,,48.853486,2.348397,,
35 - Ille-et-Vilaine,signal,https://signal.group/#CjQKIKpBWHOnofOcG3QB75_976gNFq-67P6LN0S1V3a3GZ2jEhCR_y098O3L9qP2qYLO_4ED,,48.172768,-1.649809,,
74 - Haute-Savoie,telegram,https://t.me/+g8gK3s_SLZ5mMTU0,,46.069068,6.344535,,
73 - Savoie,telegram,https://t.me/+4cEY0DBTwW84NWI0,,45.499049,6.382976,,
69 - Rhône,telegram,https://t.me/+wMC00KhgGZI2ZmFk,,46,4.5,,
63 - Puy-de-Dôme,telegram,https://t.me/bloquons63,,45.6667,3,,
43 - Haute-Loire,telegram,https://t.me/+E27DUVUAQx41NGJk,,45.0833,4,,
42 - Loire,telegram,https://t.me/+sU3LLbwW12IwMjBk,,45.4717,4.433,,
38 - Isère,telegram,https://t.me/IndignonsnousIsere,,45.1667,5.8333,,
26 - Drôme,telegram,https://t.me/+e6HcO3Fq_MViYzZk,,44.5833,5.1667,,
15 - Cantal,telegram,https://t.me/+aSs9MVDIrDdhYTdk,,45.0833,2.6667,,
90 - Territoire de Belfort,telegram,https://t.me/+VMgGJ5vZ9kFhMDRk,,47.629231,6.8993012,,
89 - Yonne,telegram,https://t.me/+iD-DeyFq66FjMzlk,,47.840515089836,3.56331862412441,,
71 - Saône-et-Loire,telegram,https://t.me/+FAOiwCmuv1dhMDA0,,46.6447719537057,4.54277293221123,,
58 - Nièvre,telegram,https://t.me/+qgdxdUtp-xg3OTI0,,47.1157327467376,3.50421129285905,,
45 - Loiret,telegram,https://t.me/+Utc-XCqfvSphZjhk,,47.99,1.7616,,
94 - Val-de-Marne,telegram,https://t.me/+MVVfx3Afj6AzNzFk,,48.7774364130303,2.46928738518856,,
93 - Seine-Saint-Denis,telegram,https://t.me/+eo1IAGG_uV9lN2Zk,,48.9176098962278,2.47854089128323,,
92 - Hauts-de-Seine,telegram,https://t.me/+iMFbUWAScFw5MzFk,,48.8475388508384,2.24606874275799,,
91 - Essonne,telegram,https://t.me/+ZMP8cVktBdQ2YjM0,,48.5226198884686,2.24338748665539,,
77 - Seine-et-Marne,telegram,https://t.me/+rkUgIevw6EM3ZDY0,,48.6274987226065,2.9340854276159,,
LA RÉUNION,telegram,https://t.me/+l81KX9i3Z39hZWU8,,-21.1309332,55.5265771,,
GUYANE,telegram,https://t.me/+BZyC3CpGCIZhY2Q0,,4.0039882,-52.999998,,
MARTINIQUE,telegram,https://t.me/+-G6drNd53xQwYTI0,,14.6113732,-60.9620777,,
25 - Doubs,telegram,https://t.me/doubs10Sep,,47.066992,6.235623,,
07 - Ardèche,telegram,https://t.me/+e6HcO3Fq_MViYzZk,,44.7527552575178,4.42560660942855,,
03 - Allier,telegram,https://t.me/+VFRy-ZfSY6QwY2Rk,,46.3936406719208,3.18764486326068,,
01 - Ain,telegram,https://t.me/+ZGgNVBU6mSEwNGQ0,,46.0997671581629,5.34873032104146,,
Challans,telegram,https://t.me/+4y34ikSveVg4YzI0,,46.83290624968621,-1.8436673937062422,,
91 - Essonne,telegram,https://t.me/c/2715476733/20,,48.436466,2.161752,,
91 - Essonne,telegram,https://t.me/+JDWBBGDCYFowNzdk,,48.670639,2.375705,,
91 - Essonne,signal,https://signal.group/#CjQKILos3O6Y5Js88w3Pe0dMCK3sEHR6gibyO8kJXVr5ZQZDEhBugpznS3XNScxRmxJompOq,,48.683171,2.169925,,
91 - Essonne,whatsapp,https://chat.whatsapp.com/FXS0C7JKgqrLErkSsDqf3e,,48.711949,2.171535,,
Dinan,telegram,https://t.me/indignonsnous22/79,,48.453978,-2.047687,,
Aubagne,telegram,https://t.me/+WAzqMf3TdOUyNzZk,,43.341613463763,5.5909681035871,,
Quimper,signal,https://signal.group/#CjQKII1qXyyZlShZHZE4jrNn5tlRNXWfhVszh5mZMUCa2rCJEhBSXPFKiphSp2gqamlDf7cn,,47.996033,-4.102478,,
Paris 19e,signal,https://signal.group/#CjQKILEtUX-Xjl1KE2DzzVThpot2R-29mPJuQWda_wjiWYJWEhBpoX9HLh7YhU8rh8USq458,,48.880149,2.3464283,,
Flers,telegram,https://t.me/+NY521X2MIxxhNzQ0,,48.76094,-0.52202,,
Val-de-Loire Sologne,telegram,https://t.me/ValDeLoireSologne,,47.589,2.041,,
Chalon-sur-Saône,instagram,https://www.instagram.com/bloquons_tout_chalon,,46.784619,4.860184,,
"Est-Lyonnais, Bron, Saint-Priest, Vénissieux, Décines, Chassieu",telegram,https://t.me/Indignons_nous_Est_Lyonnais,,45.71607,4.900809,,
Paris 20e,telegram,https://t.me/+3Gt4ug_ZgpZjMzA0,,48.86565,2.39859,,
Villeurbanne,telegram,https://t.me/IndignonsNousVilleurbanne,,45.773413,4.886827,,
60 - Oise,whatsapp,https://chat.whatsapp.com/EiO1Ayb1qsd8vPwiIsxI3n,,49.26136,2.474248,,
Vaulx-en-Velin,telegram,https://t.me/+Xi66NYRgQXcyMGU0,,45.778041,4.919131,,
Ploërmel,telegram,https://t.me/+JoCC4jzum-5iOGI8,,47.9161,-2.3676,,
Montceau - Le Creusot,telegram,https://t.me/+3p4twOaH9EcxZjE0,,46.74874,4.49276,,
Le Blanc,signal,https://signal.group/#CjQKIPJRjbCq07owRqw3LbJJSI1pnsswIKwzw82rFN5Woo4DEhAB2B4bHwX1TZrC-IcjNe92,,46.64455,1.07252,,
Le Blanc,telegram,https://t.me/+8g6KsCB4-CRkZDRk,,46.64617,1.06771,,
Paris 19e,whatsapp,https://chat.whatsapp.com/HzaAEwbZIFj2LSv9sLNQLB?mode=ems_share_t,,48.88708,2.382915,,
Béthune,telegram,https://t.me/+07fmAOi30jA1ODhk,,50.532007,2.643666,,
Arles,signal,https://signal.group/#CjQKICSz_DYoPS-5qaFEM-uSB9LvBgsC4lZcRcNLWNirPjHyEhDIIjF__pwT_7pY6iNSFDI0,,43.6763809,4.6276202,,
Troyes,telegram,https://t.me/indignons_nous_troyes,,48.296578,4.080369,,
Audierne,signal,https://signal.group/#CjQKIDPuc8KJLYLaffQ0F9XHXCHi7n02xMiwH8rCB66sYOvDEhDeeCAtgZxI8lRQlzhXO2N5,,48.02478,-4.53564,,
Vitré,signal,https://signal.group/#CjQKINWXF3j2-jT54whaX5YOX4j_0gxgjWGkXZi_zSnK4REEEhD4BLQ_T6xLeyJhdYtNklVF,,48.124464,-1.214306,,
Rabastens,signal,https://signal.group/#CjQKICXxXRH2zEO7_2iA9a4s5YkfDITiRlf_rfOsuGJqhgZNEhB56HtoCRk2_2eNFRl_LZut,,43.8210639,1.7232722,,
La-Barre-de-Monts,signal,https://signal.group/#CjQKIAygHsP20B_GdYIeNMMELw0ZSqk5-qHl05vV3CFQDTycEhAorKcpvjQ6IWXbVc507nem,9317,46.8741398,-2.1121596,,
Évreux,telegram,https://t.me/+yKizofOwa8gyNzg0,,45.935714,6.628275,,
Sallanches,telegram,https://t.me/+g8gK3s_SLZ5mMTU0,,45.935714,6.628275,,
La Mure,telegram,https://t.me/IndignonsnousIsere,,44.906579,5.78567,,
Saint-Quentin-Fallavier,telegram,https://t.me/IndignonsnousIsere,,45.631521,5.111322,,
La Tour du Pin,telegram,https://t.me/IndignonsnousIsere,,45.677812,5.469319,,
Lans-en-Vercors,telegram,https://t.me/IndignonsnousIsere,,45.127998,5.588329,,
Bourgoin-Jallieu,telegram,https://t.me/IndignonsnousIsere,,45.587063,5.275728,,
Cannes Nice Antibes Grasse Menton,telegram,https://t.me/Bloquons06,,43.7802,7.50143,,
Manosque,telegram,https://t.me/indignonsnousbloquonstout04,,43.8292103,5.6247844,,
Montreuil,site,https://laparoleerrante.org/,,48.8575841,2.4377323,,
Versailles,telegram,https://t.me/+YRO9epp--xg4YTk0,,48.81028,2.10036,,
Yvelines Nord - Acheres Poissy Saint Germain,telegram,https://t.me/+crw-GXIeZ2ViMmZk,,48.9271,2.0407,,
Thionville,telegram,https://t.me/+oYKSleXD_PU1ODE8,,49.357956,6.167592,,
Cahors,telegram,https://t.me/collectifsunis31,,44.448422,1.438007,,
Souillac,telegram,https://t.me/collectifsunis31,,44.894999,1.478831,,
Figeac,telegram,https://t.me/collectifsunis31,,44.611526,2.031666,,
Saint-Avold,telegram,https://t.me/+6Qbs3_5up-o0NTQ0,,49.104361,6.707169,,
Yvelines Nord,telegram,https://t.me/+crw-GXIeZ2ViMmZk,,48.936935,2.06234,,
Zone Conflans,telegram,https://t.me/+bjPCPbLAbfI5MDRk,,49.000267,2.091179,,
Yvelines Est,telegram,https://t.me/+YRO9epp--xg4YTk0,,48.767957,2.090149,,
Tulle,signal,https://signal.group/#CjQKIFYvfaowBQvDSse44uFXLAYN_wVaIXatHpa4zVgJbZcUEhCnsKjxuA7kO-i3R1xN0aWH,9,45.2685941,1.107135,,
Valenciennes,telegram,https://t.me/+-eUXX7mz9z45ZGE0,,50.3620937,3.4730188,,
Luçon,telegram,https://t.me/+3W9VNkjhnKpmNTU1,,46.452081,-1.2028458,,
Auray,signal,https://signal.group/#CjQKILrGWrRdnTGdyqSPyxdVlln9_rdh26Ut9dTCBr3uR2VZEhDvibbOe0ouYJzGwJpKxRiE,,47.6684057,-3.010724,,
Montoir-sur-le-loir,telegram,https://t.me/+glkw7NmEU4AxNjc0,13,47.7664097,0.8035962,,
Nancy,site,https://www.indignonsnous-sud54.fr,,48.69815640354123,6.184564395484894,,
Questembert,signal,https://signal.group/#CjQKIBjG4Z1yW3a83ptic0PCR6QP8AxpgkLJZ1gKAuT4hZ50EhAxT1f1ouu64rkIerWA4XZZ,,47.66558201097533,-2.452658254149878,,
Mazamet,telegram,https://t.me/+4Ird290w9ag0NGNk,,43.492308,2.375049,,
Strasbourg,telegram,https://t.me/+hD3FxDOng1NhYjdk,,48.58722,7.753947,,
Carmaux,telegram,https://t.me/+HaMc91Ada2M0Nzg0,,44.048401013581646,2.15415798536491,,
La Fanfare Invisible,signal,https://signal.group/#CjQKII1qXyyZlShZHZE4jrNn5tlRNXWfhVszh5mZMUCa2rCJEhBSXPFKiphSp2gqamlDf7cn,,48.093538142931415,-4.332926818680802,,
Village Graslin,telegram,https://t.me/+TvdRGzyLq1U4NzBk,,47.215722,-1.562306,,
Cognac,telegram,https://t.me/+fFVATyvoOWowZjA0,,45.6917,-0.322,,
Rochefort,telegram,https://t.me/+fFVATyvoOWowZjA0,,45.9412,-0.9671,,
Saintes,telegram,https://t.me/+fFVATyvoOWowZjA0,,45.747,-0.6338,,
Montendre,telegram,https://t.me/+fFVATyvoOWowZjA0,,45.28582,-0.40667,,
Pays de Retz,telegram,https://t.me/pdl10sept,,47.3585,-1.5092,,
Vannes,telegram,https://t.me/+2zyykrgSNYI4YmQ0,,47.658607,-2.761669,,
Aubusson,telegram,https://t.me/+K8iTCXsU-cM0ZWZk,9476,45.9472437,2.1494442,,
Pantin,whatsapp,https://chat.whatsapp.com/HrpJxA6uYLGCZzViLRWCY2?mode=ems_copy_c,4480,48.9005594,2.3982104,,
Paris 20e,whatsapp,https://chat.whatsapp.com/Jn7ms4hETaoBI7NCYB01hK?mode=ems_copy_t,,48.8625291,2.3863061,,
Pays voironnais,telegram,https://t.me/IndignonsnousIsere/66,38282,45.3941569,5.4230402,,
Quimperlé,telegram,https://t.me/+qlZLbdtaN4VmYTA0,9145,47.8558418,-3.5792333,,
Paris 14e,whatsapp,https://chat.whatsapp.com/FXtblFJlBl1JD8mbzySBUR?mode=ems_copy_t,4486,48.8296936,2.3126323,,
Pays haut (Nord 54),telegram,https://t.me/+tDNxLGT1PURkZWQ0,354848,49.7748922,4.5392203,,
Montpellier,signal,https://signal.group/#CjQKIL4muJn1v17oQQClHjtK0vuwSERuMosyFySg9tUM4wFEEhAGNsJjKiu8a6KGpQ-JdfnX,,43.6102954,3.8208202,,
Graulhet,telegram,https://t.me/+6TW0dMTAxCowMjZk,,43.759597,1.988911,,
Gaillac,telegram,https://t.me/+Hwdp8c35T2YxYmFk,,43.9018159,1.896506,,
Castres,telegram,https://t.me/+rUrHGp5p5swwMzY0,,43.6075999,2.2419407,,
Albi,telegram,https://t.me/+xoNKLdRR5iw2MjVk,,43.9248689,2.1486789,,
Tricastin,signal,https://signal.group/#CjQKIA62t-8R1q3oeCSyuVZbywQHQ-aeo7ZrEYVYwzaBirvLEhC6tuUCtUaTxhkIu7rsrjcb,38986,44.3458497,4.6180682,,
Clisson - Vallet-le-Loroux - Vertou,telegram,https://t.me/+jmQ3BSgUlSIxZjhk,,47.134305,-1.329263,,
Villefranche-sur-Saône,telegram,http://t.me/+DztcGgl5FGYxNWM0,,45.989463,4.721712,,
Auch,signal,https://signal.group/#CjQKIGB1Cbe_1x6urKdjChHGY83GLpGtSW50SXfJINpg_pJBEhAUKZEDE0-4EZljTXPkMf69,,43.6468938,0.5837642,,
Drancy / Bobigny / Le Blanc Mesnil / Le Bourget,telegram,https://t.me/+p33fGzwmYFRjYzQ0,,48.94393,2.44291,,
Sud Briançonnais,whatsapp,https://chat.whatsapp.com/LGCqrCJHz4JCF3o45xT5ev,,44.8956886,6.6328367,,
Aix Marseille Université,signal,https://signal.group/#CjQKIN2LgVhgVNtj8KIaZSVF4xs37h1UAbjqlPM2hpanmUFqEhAV_lOSajP2e72HA38QdGXf,,43.304487,5.3795474,,
Martigues,signal,https://signal.group/#CjQKIPk_e91eGhuj9ysnnene_2wjl6V-v5xy-TvPLB3FMKSfEhDP8jCI-AvedmrS-eBK6RKV,,43.39631,5.034246,,
Marseille Nord,signal,https://signal.group/#CjQKIO-K7bQfMLEOyE4kg8B1RXLCRavzrPGehXSnAGa8k4HREhB9MAVzQMqR9vmA8bMeTc5d,,43.3301987,5.3885049,,
Aix-en-Provence,signal,https://signal.group/#CjQKIJRfVJFH-y2Dacd-2-y20zdXNLq9AoAP4Ri4vvYAzNIhEhBeJHWtcBwalk1mj45mAAha,,43.52444957167491,5.364547498721776,,
Nogent-le-Rotrou,telegram,https://t.me/+DkxfM-QCR69lZmRk,37318,48.3130305,0.6782162,,
Faux-la-Montagne,telegram,https://t.me/+K8iTCXsU-cM0ZWZk,19020,45.74907,1.8967583,,
Bourganeuf,telegram,https://t.me/+K8iTCXsU-cM0ZWZk,9476,45.947208,1.725978,,
Boussac,telegram,https://t.me/+K8iTCXsU-cM0ZWZk,2352,46.3482109,2.216451,,
La Souterraine,telegram,https://t.me/+K8iTCXsU-cM0ZWZk,18856,46.2307416,1.3963269,,
Guéret,telegram,https://t.me/+K8iTCXsU-cM0ZWZk,18880,46.1584605,1.82919,,
Saverne,telegram,https://t.me/+XRVhRVGf0CNmOGNk,,48.7439481,7.3123784,,
Vendôme,telegram,https://t.me/+2U_sY8PE0fgwZTBk,18194,47.7995693,1.023289,,
La roche-sur-Yon,telegram,https://t.me/+A5azmmdFUc0yMGU0,37175,46.6660331,-1.4987728,,
Amplepuis,telegram,https://t.me/+mpXANJoCqehhZDI0,18827,45.9660336,4.2757191,,
Tours,telegram,https://t.me/+jR9bqrSbZVdkM2E8,18336,47.3943197,0.6537434,,
L&#8217;Argentière-la-Bessée,whatsapp,https://chat.whatsapp.com/LGCqrCJHz4JCF3o45xT5ev,,44.79414,6.54991,,
Mantes-Dreux-Evreux,telegram,https://t.me/+IyD36DMxoCZiNzI8,,48.925742,1.454315,,
Dol-de-bretagne,telegram,https://t.me/+QQgeVyp5og44YzNk,,48.5338366,-1.7856964,,
Lodévois,telegram,https://t.me/+OSEUzEqKXoI1MWE8,,43.7855984,3.2809888,,
Meisenthal,telegram,https://t.me/IndignonsNousVosgesNord,4473,48.9703695,7.335646,,
Brocéliande,signal,https://signal.group/#CjQKINc9U6SkDW9_PxkpOKReLxBQicJNN-ol5FpMCoX2_MYrEhAcZvvllIVh1E_RFRi0G3P1,86894,47.9196651,-2.0828663,,
Compiègne,telegram,https://t.me/+_ivqaVHN-ppkNTI0,8869,49.400614,2.8340221,,
La-Chapelle-sur-Erdre,telegram,https://t.me/+lHvOnJj-N-UwNjM8,,47.3040919,-1.6034172,,
Flers,signal,https://signal.group/#CjQKINW5TXV9KyfZ4MPRbN0xOj9ukVG2J3k5ErA4GlGM0FXSEhDJcm-FoItItcSQAXKMVK0U,,48.72834,-0.60493,,
34 - Hérault,signal,https://signal.group/#CjQKIL4muJn1v17oQQClHjtK0vuwSERuMosyFySg9tUM4wFEEhAGNsJjKiu8a6KGpQ-JdfnX,,43.477869,3.1842,,
Gatinais Montargis,telegram,https://t.me/+wQfOOcl0Tm0yNjBk,4560,47.9997687,2.7285145,,
Calais,signal,https://signal.group/#CjQKIATMRrmeM14cCe_gbcoQ5q6PGBJl07g1OOugmvI0BnRmEhD-pQYXF9e2nueEkLxIopD-,68701,50.9419345,1.6589371,,
Tarare,telegram,https://t.me/tarare_10_septembre,,45.897723,4.432733,,
Brive-la-Gaillarde,telegram,https://t.me/+fFVATyvoOWowZjA0,,45.1450475,1.4364366,,
Le Faouët,telegram,https://t.me/+ufl83HVgddRmN2Nk,205337,47.9272935,-3.7615391,,
Saint-Herblain,telegram,https://t.me/+r21Ond7oYyhjNzhk,33759,47.1881676,-1.6826821,,
Châteaubriant Nozay Blain Derval,telegram,https://t.me/+Sl1p_7WkTro0Yjlk,18222,47.7199177,-1.4323661,,
Autun,telegram,https://t.me/+wx67YJuf3y83NjU8,,46.955461,4.294883,,
Rouen,telegram,https://t.me/+cWtCwdI2cv1lYzVk,,49.4412339,1.0705421,,
Le Havre,telegram,https://t.me/+nwEOj3XdQGk5MjQ0,17704,49.4958071,0.0899093,,
Bayeux,telegram,https://t.me/+415hLgv5_vszMmM0,4446,49.2771684,-0.7119534,,
Agen,site,https://linktr.ee/mouvement10septembre47lg,9770,44.2010474,0.6095538,,
Bordeaux,telegram,https://t.me/+qk_X__IUUQphNzY8,19320,44.8637104,-0.6272971,,
L&#8217;Arbresle,telegram,https://t.me/+9VRLOD6UK9djYjZk,4748,45.8347066,4.5999113,,
Sud Lubéron,signal,https://signal.group/#CjQKIAF5TQRu2gQgFnuyUpdwzn3DnGiQyKv_6jRv8i9Yw_XhEhCk4nTxuqBaq1icMNQkUJIW,,43.7486227,5.3944167,,
Marseille,telegram,https://t.me/+WAzqMf3TdOUyNzZk,39687,43.2803093,5.2980667,,
Marseille Centre (complet) - rejoindre le telegram,signal,https://signal.group/#CjQKICEugTnyEU830hvXPZ8ErNzy4jXHfE5IPlOnL5NHbC54EhBrodt5rX2RlVaWPzjU3RWP,9921,43.2882836,5.3589323,,
Redon,signal,https://signal.group/#CjQKIBmy0-xFERka1kn94CL_PVnJl84K1oNa4pMsd1a9v7XIEhDGenUBQOUpemDkN02zKU8s,,47.6556945,-2.0993097,,
Saint Malo,telegram,https://t.me/indignonsnouspaysdesaintmalo,,48.6961681,-2.2161899,,
Reims,telegram,https://t.me/+5LH0u6BO-dU1ZTNk,,49.254879,4.022026,,
Bénévent-Grand Bourg,signal,https://signal.group/#CjQKIHNfdBo8Wwbl4lonLAfekh1B3yzBiMIR--4ccbmaMzGOEhDxlIT4o_zJJK7i5gZERPz4,9447,46.1209184,1.6144352,,
Cherbourg,signal,https://signal.group/#CjQKIAdZkl1GoTx545haTv_x-9D1IyO3VFOVLUPXANT9QfQXEhDF3WhXeMrSYhMMl2L4Ctb8,17656,49.6276336,-1.6769271,,
Annonay,signal,https://signal.group/#CjQKIN7E-gSGlNaoJ25ZMI3Y9doezYeHYhvp1QCZ2nW0P2eXEhA0c5wG-b43MjqKLu_tFcgC,2399,45.2405917,4.6721949,,
Metz,telegram,https://t.me/+KzGj90TwhckxZmM8,17845,49.1048177,6.1549488,,
Tournus,telegram,https://t.me/+BeznZsPiKJ8wZTg0,9370,46.567966,4.881846,,
Rennes,signal,https://signal.group/#CjQKIKpBWHOnofOcG3QB75_976gNFq-67P6LN0S1V3a3GZ2jEhCR_y098O3L9qP2qYLO_4ED,,48.1159325,-1.70909,,
Sud Est 35,signal,https://signal.group/#CjQKIP6-L39DF7s_tNVTmbCQ7qI2M4H89OvlfCKoLvso133jEhCLA5-_nGXXq-73TbWETfuy,,48.046551,-1.515611,,
Salon-de-Provence,telegram,https://t.me/indignonsnoussalon,19725,43.642961,4.9710154,,
Marseille Est,telegram,https://t.me/+VWZbkhGK9b00MmFk,1240,43.2943189,5.4738447,,
Bernay,facebookg,https://www.facebook.com/groups/3708800519421936/,13,49.0911669,0.5198957,,
Poitiers,telegram,https://t.me/+fFVATyvoOWowZjA0,,46.58025,0.340209,,
Châtellerault,telegram,https://t.me/+fFVATyvoOWowZjA0,,46.818012,0.545811,,
Thouars,telegram,https://t.me/c/1698890845/12612,,46.979023,-0.215363,,
Niort,telegram,https://t.me/+fFVATyvoOWowZjA0,,46.323931,-0.464623,,
Bressuire,telegram,https://t.me/c/1698890845/6144,,46.842605,-0.492883,,
Pau,telegram,https://t.me/+fFVATyvoOWowZjA0,,43.295752,-0.368565,,
Bayonne,telegram,https://t.me/+fFVATyvoOWowZjA0,,43.494509,-1.473662,,
Sainte Foy la Grande,telegram,https://t.me/+fFVATyvoOWowZjA0,,44.841641,0.214974,,
Langon,telegram,https://t.me/+fFVATyvoOWowZjA0,,44.553072,-0.244926,,
Libourne,telegram,https://t.me/+fFVATyvoOWowZjA0,,44.913362,-0.242724,,
La Rochelle,telegram,https://t.me/+fFVATyvoOWowZjA0,,46.159742,-1.151614,,
N10 - Rambouillet - Saint-Quentin-en-Yvelines,telegram,https://t.me/+I5tJh1d7rbxhNmU8,,48.6539,1.834,,
Lyon,telegram,https://t.me/+SuOiGcRJZoliMDk0,19017,45.7579433,4.7938389,,
Grenoble,telegram,https://t.me/+OKXn5kHL8-M4NTM0,9606,45.1842316,5.6948976,,
Haut béarn,telegram,https://t.me/+3wswVam9MC0wMjNk,159406,43.0281593,-0.955519,,
Saint-yrieix-la-perche,telegram,https://t.me/+5gHUQ7JNrwMyMjc8,19096,45.5274015,1.1613278,,
Angoulème,telegram,https://t.me/+U8ruFJrFrhs1NWQ8,,45.6479,0.16,,
Saint Nazaire,telegram,https://t.me/+KtuU08JRaV4yOWI0,18493,47.276816,-2.2804467,,
Rezé,telegram,https://t.me/+7ifqGHbsJ6QwMDlk,9265,47.173344,-1.5779205,,
Nantes sud Loire,telegram,https://t.me/+M6jHtN4YMmQ2OGU8,,47.1627401,-1.6051543,,
Nantes Nord,telegram,https://t.me/+pXKibPlTgwFkNzBk,4625,47.2585943,-1.5857811,,
Nantes Agglomération,telegram,https://t.me/+FVgpAoiS7-IzMTA0,37020,47.2277374,-1.7232077,,
L&#8217;Île de Nantes,telegram,https://t.me/+4Hml85LTV8c1ZjA0,2315,47.2041664,-1.5523826,,
Carquefou,telegram,https://t.me/+b-M-uMmOhzNhOWY8,9243,47.2968272,-1.4893288,,
Ancenis,telegram,https://t.me/+f5ay1J6hmUg5ZGY0,9228,47.3818486,-1.1888699,,
Bocage virois,telegram,https://t.me/+ruRhzuXcrO9iNzI8,17947,48.819842,-0.9480103,,
Dieppe,telegram,https://t.me/+wxsSWr1Oz05kMzNk,8775,49.9199091,1.0631637,,
Caen,telegram,https://t.me/+Yz3dBigEr5NmMTg0,,49.18134,-0.363561,,
Alençon,telegram,https://t.me/+rVnxGVSLZikxMDc8,9043,48.4310214,0.0716318,,
Haute-corrèze,telegram,https://t.me/+D1C6bDew459hMmJk,152742,45.5361096,1.8790475,,
Sud Manche,telegram,https://t.me/+Hgpjxnkf-V84MDE8,285597,49.0910279,-2.005522,,
Saint-lô,telegram,https://t.me/+jGHHctdUMI01YzU0,8921,49.1122743,-1.1018626,,
Bayeux,telegram,https://t.me/+W78yndkfVjdhNGM8,4446,49.2771684,-0.7119534,,
Cholet,telegram,https://t.me/+W78yndkfVjdhNGM8,,47.0358358,-0.9162437,,
Malakoff Saint-Donatien,telegram,https://t.me/+nKqjGihlVlM5ZDBk,,47.228767,-1.542804,,
41 - Loir-et-Cher,telegram,https://t.me/+7moVpfgguQwyZjJk,,47.587672,1.333761,,
Pays d’Avallon,telegram,https://t.me/+-jnceFS4skczOGJk,,47.607386,3.758569,,
Louhans,telegram,https://t.me/+cx3AdCMJvBFiNmQ0,,46.6279066,5.2212432,,
"Mâcon, Cluny, Charolles",telegram,https://t.me/+EuVCnflkkFxkODdk,,46.3922617,4.6013122,,
Chalon-sur-Saône,telegram,https://t.me/+a3tRDc53UHk0ZTFi,,46.779153,4.857287,,
VéloRution 18/09 9h parc du chateau FLERS,action,https://10s25.ovh/cms/?page=action&id_article=637,,48.749069163990676,-0.5750857131529278,Flers,Jeudi 18 septembre 2025 à 09h00
18/09 dès 6h30 Rassemblement rond-point Charles de Gaulle-route de Vaulx,action,https://10s25.ovh/cms/?page=action&id_article=615,,45.781235,4.929537,Vaulx-en-Velin,Jeudi 18 septembre 2025 à 06h30
18/09 9h30 - Opération parking gratuit Hôpital HEH,action,https://10s25.ovh/cms/?page=action&id_article=612,,45.743,4.879622,Lyon,Jeudi 18 septembre 2025 à 09h30
" Journée d'actions Guéret 18/09, premier RdV 9h00",action,https://10s25.ovh/cms/?page=action&id_article=572,,46.1818,1.876993,Guéret,Jeudi 18 septembre 2025 à 09h00
Déambulation 18/09 8h30 Zone commerciale,action,https://10s25.ovh/cms/?page=action&id_article=569,,45.823189,4.604927,L'Arbresle,Jeudi 18 septembre 2025 à 08h30
"Gare du Nord 18/09 12h AG, grève, et manif",action,https://10s25.ovh/cms/?page=action&id_article=547,,48.879982,2.35506,10. Paris 10e,Jeudi 18 septembre 2025 à 12h00
"Pique nique GRENOBLE, 18/09 13h, Square Verdun",cantine,https://10s25.ovh/cms/?page=action&id_article=647,,45.188921,5.732181,Grenoble,Jeudi 18 septembre 2025 à 13h00
Grand Banquet Citoyen,cantine,https://10s25.ovh/cms/?page=action&id_article=555,,46.559906,4.912772,Tournus,Samedi 20 septembre 2025 à 19h00
"Formations GRENOBLE, 18/09 17h, Anneau de vitesse",formation,https://10s25.ovh/cms/?page=action&id_article=649,,45.184431,5.736671,Grenoble,Jeudi 18 septembre 2025 à 17h00
"Piquet de grève LYON 8, 18/09 6h, Rue croix Barret",greve,https://10s25.ovh/cms/?page=action&id_article=645,,45.736935,4.849141,Lyon,Jeudi 18 septembre 2025 à 06h00
18/09 5h30 piquet Lagny PARIS 20,greve,https://10s25.ovh/cms/?page=action&id_article=607,,48.8491039,2.4045404,20. Paris 20e,Jeudi 18 septembre 2025 à 05h30
18/09 Hopital Tenon 13H30,greve,https://10s25.ovh/cms/?page=action&id_article=508,,48.8657731,2.4009022,20. Paris 20e,Jeudi 18 septembre 2025 à 13h30
RDV 4h Depot de Bus RATP 39,greve,https://10s25.ovh/cms/?page=action&id_article=506,,48.9458477,2.3563175,Saint Denis,Jeudi 18 septembre 2025 à 04h00
Rassemblement 18/09 18h Préfecture COLMAR,rassemblement,https://10s25.ovh/cms/?page=action&id_article=681,,48.074529,7.351736,Mulhouse Colmar Cernay et Altkirch,Jeudi 18 septembre 2025 à 18h00
Rassemblement 18/09 11h Espace Nelson Mandela COLMAR,rassemblement,https://10s25.ovh/cms/?page=action&id_article=680,,48.077376,7.332588,Mulhouse Colmar Cernay et Altkirch,Jeudi 18 septembre 2025 à 11h00
18/09 17h Ch.Comm. Franco-Irlandaise DUBLIN,rassemblement,https://10s25.ovh/cms/?page=action&id_article=673,,53.337249788230125,-6.244759757037832,Dublin,Jeudi 18 septembre 2025 à 17h00
18/09 9h Départ manif Mairie AUBERVILLIERS,rassemblement,https://10s25.ovh/cms/?page=action&id_article=671,,48.9145631054253,2.3821875656677185,93 - Seine-Saint-Denis,Jeudi 18 septembre 2025 à 09h00
Rassemblement 18/09 8h Rond-point tunnel SCHIRMECK,rassemblement,https://10s25.ovh/cms/?page=action&id_article=668,,48.468773,7.216175,67 - Bas-Rhin,Jeudi 18 septembre 2025 à 08h00
Rassemblement 21/09 18h Pl. du Gal de Gaulle SAVERNE,rassemblement,https://10s25.ovh/cms/?page=action&id_article=667,,48.742843,7.364756,Saverne,Dimanche 21 septembre 2025 à 18h00
Fête 21/09 15h Pl. d'Armes HAGUENAU,rassemblement,https://10s25.ovh/cms/?page=action&id_article=666,,48.814232,7.788742,Haguenau,Dimanche 21 septembre 2025 à 15h00
Rassemblement 18/09 8h30 CHRU Brabois NANCY,rassemblement,https://10s25.ovh/cms/?page=action&id_article=665,,48.648388,6.144902,Nancy,Jeudi 18 septembre 2025 à 08h30
Rassemblement 18/09 10h30 Johnson & Johnson / Kenvue SEZANNE,rassemblement,https://10s25.ovh/cms/?page=action&id_article=664,,48.70696,3.735491,51 - Marne,Jeudi 18 septembre 2025 à 10h30
"Rassemblement BOURG EN BRESSE, 18/09 7h00, devant l'Amphi",rassemblement,https://10s25.ovh/cms/?page=action&id_article=663,,46.208843,5.230276,01 - Ain,Jeudi 18 septembre 2025 à 07h00
Rassemblement 18/09 11h Pl. du Général Leclerc SAINT-MENEHOULD,rassemblement,https://10s25.ovh/cms/?page=action&id_article=659,,49.09262,4.898726,51 - Marne,Jeudi 18 septembre 2025 à 11h00
Rassemblement 18/09 5h30 Rond-point Total/Arkema SAINT-AVOLD,rassemblement,https://10s25.ovh/cms/?page=action&id_article=654,,49.140911,6.707674,Saint-Avold,Jeudi 18 septembre 2025 à 05h30
Rassemblement 20/09 11h KINGERSHEIM,rassemblement,https://10s25.ovh/cms/?page=action&id_article=651,,47.789636,7.314604,68 - Haut-Rhin,Samedi 20 septembre 2025 à 11h00
20/09 14h pl. Répu. Le MANS,rassemblement,https://10s25.ovh/cms/?page=action&id_article=635,,48.003996488464594,0.1962761658152887,72 - Sarthe,Samedi 20 septembre 2025 à 14h00
20/09 dès 8h Place Guy Môquet,rassemblement,https://10s25.ovh/cms/?page=action&id_article=617,,45.785063,4.910944,Vaulx-en-Velin,Samedi 20 septembre 2025 à 08h00
Villeurbanne 18/09 15н-19H - KERMESSE MILTANTE,rassemblement,https://10s25.ovh/cms/?page=action&id_article=611,,45.770312,4.863351,Villeurbanne,Jeudi 18 septembre 2025 à 15h00
"Rassemblement ST JUNIEN, 18/09 17h, Ciné-Bourse",rassemblement,https://10s25.ovh/cms/?page=action&id_article=584,,45.887797,0.903098,87 - Haute-Vienne,Jeudi 18 septembre 2025 à 17h00
"Rassemblement puis AG TARARE, 18/09 à 17h45, Place de la Madeleine ",rassemblement,https://10s25.ovh/cms/?page=action&id_article=581,,45.895188,4.435706,Tarare,Jeudi 18 septembre 2025 à 17h45
"Rassemblement TARARE, 18/09 8h30, Parking d'Auchan",rassemblement,https://10s25.ovh/cms/?page=action&id_article=580,,45.89071,4.442823,Tarare,Jeudi 18 septembre 2025 à 08h30
"Débat public AMPLEPUIS, 18/09 10h-18h, Place de l'Hôtel de Ville",rassemblement,https://10s25.ovh/cms/?page=action&id_article=579,,45.972941,4.331655,Amplepuis,Jeudi 18 septembre 2025 à 10h00
"Kermesse LYON, 18/09, 15h à 19h, Charpennes ",rassemblement,https://10s25.ovh/cms/?page=action&id_article=577,,45.7705,4.863204,Lyon,Jeudi 18 septembre 2025 à 15h00
Manifestation du jeudi 18 septembre 2025 à Béthune,rassemblement,https://10s25.ovh/cms/?page=action&id_article=563,,50.53089,2.63904,Béthune,Jeudi 18 septembre 2025 à 08h00
Rassemblement Statique à Montceau le 18 sept à 10h,rassemblement,https://10s25.ovh/cms/?page=action&id_article=558,,46.674269,4.362535,Montceau - Le Creusot,Jeudi 18 septembre 2025 à 10h00
Rassemblement 20/09 8h Rond-point Les terrasses SARREBOURG,rassemblement,https://10s25.ovh/cms/?page=action&id_article=554,,48.719429,7.046785,Sarrebourg,Samedi 20 septembre 2025 à 08h00
Fête 21/09 15h Pl. du Général de Gaulle SAVERNE,rassemblement,https://10s25.ovh/cms/?page=action&id_article=553,,48.741906,7.362464,Saverne,Dimanche 21 septembre 2025 à 15h00
Rassemblement 18/09 6h30 Pl. de Haguenau STRASBOURG,rassemblement,https://10s25.ovh/cms/?page=action&id_article=548,,48.592059,7.742799,Strasbourg,Jeudi 18 septembre 2025 à 06h30
Rassemblement 18/09 6h30 Rond-point de la caserne BITCHE,rassemblement,https://10s25.ovh/cms/?page=action&id_article=543,,49.0469981089788,7.446848626698682,57 - Moselle,Jeudi 18 septembre 2025 à 06h30
Manif & AG 18/09 17h Nogent-le-Rotrou,rassemblement,https://10s25.ovh/cms/?page=action&id_article=521,,48.32139451860284,0.8042522026146317,Nogent-le-Rotrou,Jeudi 18 septembre 2025 à 17h00
18/09 Départ Commun manif 10H,rassemblement,https://10s25.ovh/cms/?page=action&id_article=514,,48.8869415,2.1974392,Nanterre,Jeudi 18 septembre 2025 à 10h00
rass. 18/09 07h Pl. Libération AUCH,rassemblement,https://10s25.ovh/cms/?page=action&id_article=495,,43.646881,0.583696,Auch,Jeudi 18 septembre 2025 à 07h00
Vélorution 18/09 17h Off. Tourisme CAHORS,rassemblement,https://10s25.ovh/cms/?page=action&id_article=493,,44.445562,1.441201,Cahors,Jeudi 18 septembre 2025 à 17h00
AG 18/09 19h Halle St-JEAN-de-BOISEAU,ag,https://10s25.ovh/cms/?page=action&id_article=679,,47.19566034821759,-1.7247510141210558,44 - Loire-Atlantique,Jeudi 18 septembre 2025 à 19h00
"Assemblé générale CHAMBERY, 18/09 13h, Palais de Justice",ag,https://10s25.ovh/cms/?page=action&id_article=661,,45.568277,5.919081,73 - Savoie,Jeudi 18 septembre 2025 à 13h00
"Assemblée Générale GRENOBLE, 18/09 14h, Anneau de vitesse",ag,https://10s25.ovh/cms/?page=action&id_article=648,,45.184431,5.736671,Grenoble,Jeudi 18 septembre 2025 à 14h00
AG 18/09 9h Campus AVIGNON,ag,https://10s25.ovh/cms/?page=action&id_article=583,,43.949784909683856,4.8160249854926676,Avignon,Jeudi 18 septembre 2025 à 09h00
"Assemblée générale, La Souterraine 20/09 à 10h",ag,https://10s25.ovh/cms/?page=action&id_article=573,,0,0,La Souterraine,Samedi 20 septembre 2025 à 10h00
"AG des Cheminots de Paris Sud-Est, ouverte à toustes",ag,https://10s25.ovh/cms/?page=action&id_article=565,,48.844382,2.3748,12. Paris 12e,Jeudi 18 septembre 2025 à 11h00
AG 18/09 13h15 Espace Cours EPINAL,ag,https://10s25.ovh/cms/?page=action&id_article=544,,48.170895388287875,6.4476279030215675,Epinal,Jeudi 18 septembre 2025 à 13h15
AG 19/09 18h Pl. Vanolles SELESTAT,ag,https://10s25.ovh/cms/?page=action&id_article=497,,48.257529,7.452659,Sélestat,Vendredi 19 septembre 2025 à 18h00
18/09 10h30 Parvis Gare CLISSON,manif,https://10s25.ovh/cms/?page=action&id_article=678,,47.08608379093162,-1.2862301310526105,Clisson - Vallet-le-Loroux - Vertou,Jeudi 18 septembre 2025 à 10h30
18/09 10h rd-pt Esso ANCENIS,manif,https://10s25.ovh/cms/?page=action&id_article=677,,47.37331186350573,-1.178887104647192,Ancenis,Jeudi 18 septembre 2025 à 10h00
18/09 10h30 Mairie CHATEAUBRIANT,manif,https://10s25.ovh/cms/?page=action&id_article=676,,47.72069777238357,-1.3761828651372063,Châteaubriant Nozay Blain Derval,Jeudi 18 septembre 2025 à 10h30
18/09 10h pl. Amérique Latine ST-NAZAIRE,manif,https://10s25.ovh/cms/?page=action&id_article=675,,47.27601730192065,-2.205098182780809,Saint Nazaire,Jeudi 18 septembre 2025 à 10h00
18/09 10h30 miroir d'eau NANTES,manif,https://10s25.ovh/cms/?page=action&id_article=674,,47.215221108159696,-1.5493733412475907,Nantes,Jeudi 18 septembre 2025 à 10h30
MANIF 18/09 14h pl. Bastille PARIS 4e,manif,https://10s25.ovh/cms/?page=action&id_article=672,,48.853291345434755,2.3693764158723796,75 - Paris,Jeudi 18 septembre 2025 à 14h00
Manif 18/09 10h Pl. d'Armes VALENCIENNES,manif,https://10s25.ovh/cms/?page=action&id_article=669,,50.358342,3.523659,Valenciennes,Jeudi 18 septembre 2025 à 10h00
"Manifestation CHAMBERY, 18/09 14h, Palais de Justice",manif,https://10s25.ovh/cms/?page=action&id_article=662,,45.56827,5.919097,73 - Savoie,Jeudi 18 septembre 2025 à 14h00
"Vélorution CHAMBERY, 18/09 7h, Espace Malraux",manif,https://10s25.ovh/cms/?page=action&id_article=660,,45.563687,5.925435,73 - Savoie,Jeudi 18 septembre 2025 à 07h00
Manif 18/09 11h Pl. du Maréchal Leclerc VITRY-LE-FRANCOIS,manif,https://10s25.ovh/cms/?page=action&id_article=658,,48.728786,4.587143,51 - Marne,Jeudi 18 septembre 2025 à 11h00
Manif 18/09 10h Pl. Carnot EPERNAY,manif,https://10s25.ovh/cms/?page=action&id_article=657,,49.044029,3.951292,51 - Marne,Jeudi 18 septembre 2025 à 10h00
Manif 18/09 10h Pl. de Verdun CHALONS-EN-CHAMPAGNE,manif,https://10s25.ovh/cms/?page=action&id_article=656,,48.962641,4.366195,Châlons-en-Champagne,Jeudi 18 septembre 2025 à 10h00
Manif 18/09 10h Bd de la paix REIMS,manif,https://10s25.ovh/cms/?page=action&id_article=655,,49.254636,4.040677,Reims,Jeudi 18 septembre 2025 à 10h00
"Manifestation BOURG EN BRESSE, 18/09 12h, Prefecture",manif,https://10s25.ovh/cms/?page=action&id_article=653,,46.202491,5.221676,01 - Ain,Jeudi 18 septembre 2025 à 12h00
Manif 18/09 14h Pl. de l'Hôtel de ville CHARLEVILLE-MEZIERES,manif,https://10s25.ovh/cms/?page=action&id_article=650,,49.760159,4.71916,Charleville-Mézières,Jeudi 18 septembre 2025 à 14h00
"Manifestation GRENOBLE, 18/09 10h, devant la Gare",manif,https://10s25.ovh/cms/?page=action&id_article=646,,45.191208,5.713656,Grenoble,Jeudi 18 septembre 2025 à 10h00
18/09 10h30 pl. Albert 1er MONTPELLIER,manif,https://10s25.ovh/cms/?page=action&id_article=644,,43.61552539912117,3.874373169984694,Montpellier,Jeudi 18 septembre 2025 à 10h30
18/09 10h30 pl. Mitt. LISIEUX,manif,https://10s25.ovh/cms/?page=action&id_article=642,,49.146103413942285,0.22580121270587272,Lisieux,Jeudi 18 septembre 2025 à 10h30
18/09 10h Gal de G. PONT-AUDEMER,manif,https://10s25.ovh/cms/?page=action&id_article=641,,49.355112400216846,0.5171369857574345,27 - Eure,Jeudi 18 septembre 2025 à 10h00
18/09 10h rd-pt étoile GISORS,manif,https://10s25.ovh/cms/?page=action&id_article=640,,49.280223650187004,1.777783710045346,27 - Eure,Jeudi 18 septembre 2025 à 10h00
18/09 14h30 pré du Bel-ébat EVREUX,manif,https://10s25.ovh/cms/?page=action&id_article=639,,49.02093331501443,1.139863083779473,27 - Eure,Jeudi 18 septembre 2025 à 14h30
18/09 10h Franklin LE HAVRE,manif,https://10s25.ovh/cms/?page=action&id_article=638,,49.495644198558615,0.11694557246784949,Le Havre,Jeudi 18 septembre 2025 à 10h00
18/09 14h30 Port Luneau LA FLECHE,manif,https://10s25.ovh/cms/?page=action&id_article=634,,47.69762582435798,-0.07769078474827654,72 - Sarthe,Jeudi 18 septembre 2025 à 14h30
18/09 10h p. Cosec La Ferté-Bernard,manif,https://10s25.ovh/cms/?page=action&id_article=633,,48.18364046358831,0.6477275052299372,72 - Sarthe,Jeudi 18 septembre 2025 à 10h00
18/09 10h Jacobins Le MANS,manif,https://10s25.ovh/cms/?page=action&id_article=632,,48.00777435204463,0.1995929011269467,72 - Sarthe,Jeudi 18 septembre 2025 à 10h00
18/09 9h:Gare 10h:pl. Travot CHOLET,manif,https://10s25.ovh/cms/?page=action&id_article=630,,47.0617775263387,-0.8801570218061789,Cholet,Jeudi 18 septembre 2025 à 10h00
18/09 14h esp. Halimi SOISSONS,manif,https://10s25.ovh/cms/?page=action&id_article=629,,49.36685935057779,3.3243821199256405,02 - Aisne,Jeudi 18 septembre 2025 à 14h00
18/09 15h rd-pt ancienne pisc. CHATEAU-THIERRY,manif,https://10s25.ovh/cms/?page=action&id_article=628,,49.05105765504117,3.4037248027591698,02 - Aisne,Jeudi 18 septembre 2025 à 15h00
18/09 15h Mairie CHAUNY,manif,https://10s25.ovh/cms/?page=action&id_article=627,,49.61536683214744,3.2188943570336206,02 - Aisne,Jeudi 18 septembre 2025 à 15h00
18/09 10h Gare LAON,manif,https://10s25.ovh/cms/?page=action&id_article=626,,49.57002180091515,3.6245409214262017,02 - Aisne,Jeudi 18 septembre 2025 à 10h00
manif 18/09 9h Technicentre TERGNIER,manif,https://10s25.ovh/cms/?page=action&id_article=624,,49.662887678359574,3.290124368776972,02 - Aisne,Jeudi 18 septembre 2025 à 09h00
18/09 10h pl. Répu. BOURGOIN-JALLIEU,manif,https://10s25.ovh/cms/?page=action&id_article=622,,45.58926743463249,5.273758185688066,38 - Isère,Jeudi 18 septembre 2025 à 10h00
18/09 16h ch. de Mars SAINT-MARCELLIN,manif,https://10s25.ovh/cms/?page=action&id_article=621,,45.15456947902049,5.318720452566804,38 - Isère,Jeudi 18 septembre 2025 à 16h00
18/09 14h30 sous-pref. La-TOUR-du-PIN,manif,https://10s25.ovh/cms/?page=action&id_article=620,,45.56188550210143,5.445851213329163,38 - Isère,Jeudi 18 septembre 2025 à 14h30
18/09 16h30 pl. Gau VOIRON,manif,https://10s25.ovh/cms/?page=action&id_article=619,,45.368460201688436,5.58918408214451,38 - Isère,Jeudi 18 septembre 2025 à 16h30
18/09 10h park.Lidl SALAISE-sur-SANNE,manif,https://10s25.ovh/cms/?page=action&id_article=618,,45.34823444941445,4.803537925855936,38 - Isère,Jeudi 18 septembre 2025 à 10h00
18/09 9h champ de Mars VIENNE,manif,https://10s25.ovh/cms/?page=action&id_article=616,,45.52193940368722,4.87134393664641,38 - Isère,Jeudi 18 septembre 2025 à 09h00
18/09 10h av. Alsace Lorraine GRENOBLE,manif,https://10s25.ovh/cms/?page=action&id_article=614,,45.18954373798572,5.719459574974415,38 - Isère,Jeudi 18 septembre 2025 à 10h00
18/09 11h man.tab. LYON 3,manif,https://10s25.ovh/cms/?page=action&id_article=606,,45.74803525101507,4.860360444687376,Lyon,Jeudi 18 septembre 2025 à 11h00
18/09 10h pl. 1er Mai Clermont-Ferrand,manif,https://10s25.ovh/cms/?page=action&id_article=605,,45.786936903561305,3.1006841706781922,63 - Puy-de-Dôme,Jeudi 18 septembre 2025 à 10h00
18/09 10h Espl. Fontaines MONTAUBAN,manif,https://10s25.ovh/cms/?page=action&id_article=604,,44.0179324203731,1.3575525795641907,Montauban,Jeudi 18 septembre 2025 à 10h00
18/09 14h30 pl. du Vigan ALBI,manif,https://10s25.ovh/cms/?page=action&id_article=603,,43.92708599643553,2.1478343587651563,Albi,Jeudi 18 septembre 2025 à 14h30
18/09 10h30 pl. Soult CASTRES,manif,https://10s25.ovh/cms/?page=action&id_article=602,,43.60411049499479,2.2459975360850395,Castres,Jeudi 18 septembre 2025 à 10h30
18/09 14h30 Lyc. Champ. FIGEAC,manif,https://10s25.ovh/cms/?page=action&id_article=601,,44.60963914310346,2.028416235347384,Figeac,Jeudi 18 septembre 2025 à 14h30
18/09 14h30 pl. Mitt. CAHORS,manif,https://10s25.ovh/cms/?page=action&id_article=600,,44.44528157799132,1.4404667183624267,Cahors,Jeudi 18 septembre 2025 à 14h30
18/09 10h f.t. AUCH,manif,https://10s25.ovh/cms/?page=action&id_article=599,,43.63605365163413,0.5837102936613554,Auch,Jeudi 18 septembre 2025 à 10h00
18/09 10h Bourse du Travail TARBES,manif,https://10s25.ovh/cms/?page=action&id_article=598,,43.2335168519692,0.08546107553403659,Tarbes,Jeudi 18 septembre 2025 à 10h00
"18/09 14h Allée de Vilotte, FOIX",manif,https://10s25.ovh/cms/?page=action&id_article=596,,42.963836739572756,1.608436851385917,Foix,Jeudi 18 septembre 2025 à 14h00
18/09 9h rd-pt Valentine St-GAUDENS,manif,https://10s25.ovh/cms/?page=action&id_article=595,,43.098823738781576,0.707865313918129,Saint-Gaudens,Jeudi 18 septembre 2025 à 09h00
"Manifestation LIMOGES, 18/09 10h30, Carefour Tourny",manif,https://10s25.ovh/cms/?page=action&id_article=594,,45.831759,1.262465,87 - Haute-Vienne,Jeudi 18 septembre 2025 à 10h30
Manif. 18/09 10h sous-pref. MURET,manif,https://10s25.ovh/cms/?page=action&id_article=593,,43.45987067182313,1.3262740263194257,Muret,Jeudi 18 septembre 2025 à 10h00
Manif. 18/09 14h Pl. Cyprien TOULOUSE,manif,https://10s25.ovh/cms/?page=action&id_article=592,,43.59793822266481,1.4312412120926026,Toulouse,Jeudi 18 septembre 2025 à 14h00
"Manifestation LA SOUTERRAINE, 18/09 9H00, Rond Point de L'Europe",manif,https://10s25.ovh/cms/?page=action&id_article=586,,46.226937,1.476227,La Souterraine,Jeudi 18 septembre 2025 à 09h00
"Manifestation et AG LYON, 19/09 14h,  Place Charpennes",manif,https://10s25.ovh/cms/?page=action&id_article=578,,45.770425,4.863194,Lyon,Vendredi 19 septembre 2025 à 14h00
"Manifestation LYON, 18/09 11h, Manufacture des Tabacs",manif,https://10s25.ovh/cms/?page=action&id_article=576,,45.748033,4.860581,Lyon,Jeudi 18 septembre 2025 à 11h00
"Manifestation LYON, 18/09 6h30, Place des archives.",manif,https://10s25.ovh/cms/?page=action&id_article=575,,45.747336,4.825654,Lyon,Jeudi 18 septembre 2025 à 06h30
Manifestation Limoges 18/09 à 18h30 Place de la République,manif,https://10s25.ovh/cms/?page=action&id_article=574,,45.831931,1.260192,87 - Haute-Vienne,Jeudi 18 septembre 2025 à 18h30
Rassemblement Aubusson 18/09 14h Gare routière,manif,https://10s25.ovh/cms/?page=action&id_article=571,,45.954797,2.170903,Aubusson,Jeudi 18 septembre 2025 à 14h00
"Manifestation LYON 8 18/09 19h, quartier Etats Unis ",manif,https://10s25.ovh/cms/?page=action&id_article=570,,45.729947,4.8659,Lyon,Jeudi 18 septembre 2025 à 19h00
Manif à Autun le 18 sept à 14h,manif,https://10s25.ovh/cms/?page=action&id_article=568,,46.954678,4.291631,Autun,Jeudi 18 septembre 2025 à 14h00
Programme Jeudi 18 - NORD-OUEST ESSONNE,manif,https://10s25.ovh/cms/?page=action&id_article=564,,48.700791,2.187378,91 - Essonne,Jeudi 18 septembre 2025 à 07h00
Manifestation Sallanches 18/09 12h30,manif,https://10s25.ovh/cms/?page=action&id_article=562,,45.939635,6.640468,Sallanches,Jeudi 18 septembre 2025 à 12h30
Rassemblement 18/09 14h Maison du Peuple,manif,https://10s25.ovh/cms/?page=action&id_article=561,,46.678956,5.57285,Lons-le-Saunier,Jeudi 18 septembre 2025 à 14h00
Manif - Le Creusot le 18 sept à 14h00,manif,https://10s25.ovh/cms/?page=action&id_article=559,,46.806561,4.430674,Montceau - Le Creusot,Jeudi 18 septembre 2025 à 14h00
Manif à Macon jeudi 18 sept à 14h,manif,https://10s25.ovh/cms/?page=action&id_article=557,,46.307367,4.83422,"Mâcon, Cluny, Charolles",Jeudi 18 septembre 2025 à 14h00
Manif à Louhans le 18 septembre à 10h,manif,https://10s25.ovh/cms/?page=action&id_article=556,,46.626031,5.222301,Louhans,Jeudi 18 septembre 2025 à 10h00
Manif 18/09 14h Pl. de la République STRASBOURG,manif,https://10s25.ovh/cms/?page=action&id_article=552,,48.586937,7.754886,Strasbourg,Jeudi 18 septembre 2025 à 14h00
MANIF à Tournus le 18 sept à 11h,manif,https://10s25.ovh/cms/?page=action&id_article=551,,46.55996,4.912498,Tournus,Jeudi 18 septembre 2025 à 11h00
Manifestation 18 septembre,manif,https://10s25.ovh/cms/?page=action&id_article=550,,46.784847,4.854788,Chalon-sur-Saône,Jeudi 18 septembre 2025 à 13h30
Manif 18/09 14h Pl. Jean Jaurès TROYES,manif,https://10s25.ovh/cms/?page=action&id_article=546,,48.294447,4.07009,Troyes,Jeudi 18 septembre 2025 à 14h00
Manif 18/09 14h Pl. St-Epvre NANCY,manif,https://10s25.ovh/cms/?page=action&id_article=542,,48.696206,6.17924,Nancy,Jeudi 18 septembre 2025 à 14h00
Manif 18/09 10h Sq. Ehm SELESTAT,manif,https://10s25.ovh/cms/?page=action&id_article=496,,48.25798622205002,7.452420740464571,Sélestat,Jeudi 18 septembre 2025 à 10h00
Manif 18/09 14h Square de la bourse MULHOUSE,manif,https://10s25.ovh/cms/?page=action&id_article=480,,47.744734,7.342826,Mulhouse Colmar Cernay et Altkirch,Jeudi 18 septembre 2025 à 14h00
Manif 18/09 14h Pl. de la République METZ,manif,https://10s25.ovh/cms/?page=action&id_article=478,,49.115007,6.172624,Metz,Jeudi 18 septembre 2025 à 14h00
18/09 Manif 10h30 Préf. & AG 13h Esp. Pyramide ALENCON,manif,https://10s25.ovh/cms/?page=action&id_article=472,,48.43415,0.093749,Alençon,Jeudi 18 septembre 2025 à 10h30
Manif 18/09 14h Préfecture EPINAL,manif,https://10s25.ovh/cms/?page=action&id_article=469,,48.172472,6.448006,Epinal,Jeudi 18 septembre 2025 à 14h00